{"tracerPlayer":{"id":"f7e20a87-08cb-43e0-a2ad-6b37248db7c9","summoner":{"id":26579533,"accountId":30615537,"name":"HEX Taliuzz","profileIconId":3459,"revisionDate":"2018-04-29T22:15:03","summonerLevel":53},"summonerId":26579533,"playerStats":{"id":"81dcf5f0-1294-4f0b-be0b-b6593331e055","tracerPlayerId":"f7e20a87-08cb-43e0-a2ad-6b37248db7c9","championStats":[{"id":"c9964afd-2b9c-4c5d-86f5-4dfef75ee5de","tracerPlayerId":"f7e20a87-08cb-43e0-a2ad-6b37248db7c9","champion":null,"championId":81,"championName":"Ezreal","stats":{"id":"95c34ad7-e7a4-4d7c-9adb-338be369df6b","games":7,"wins":3,"kills":26,"asists":49,"daths":29,"minions":1234,"minutes":197.299988,"minutesXMatch":28.1857128,"winRate":0.428571433,"minionsMinute":6.254435,"killParticipation":0.5208333,"killShare":0.180555552,"deathShare":0.123404257,"firstBlood":0.0,"creepsAtTen":0.0,"creepsDifAtTen":0.0,"wards":98,"wardsKilled":6,"wardXmin":0.496705562,"wardKillXmin":0.0304105449},"statsId":"95c34ad7-e7a4-4d7c-9adb-338be369df6b"},{"id":"aa33fa9e-d90a-45e2-9cde-d802155bc107","tracerPlayerId":"f7e20a87-08cb-43e0-a2ad-6b37248db7c9","champion":null,"championId":203,"championName":"Kindred","stats":{"id":"f905c757-4074-4416-b1fd-94e89b22ab12","games":6,"wins":2,"kills":29,"asists":43,"daths":53,"minions":327,"minutes":180.883331,"minutesXMatch":30.1472225,"winRate":0.333333343,"minionsMinute":1.807795,"killParticipation":0.369230777,"killShare":0.148717955,"deathShare":0.247663558,"firstBlood":0.333333343,"creepsAtTen":0.0,"creepsDifAtTen":0.0,"wards":69,"wardsKilled":23,"wardXmin":0.381461352,"wardKillXmin":0.127153784},"statsId":"f905c757-4074-4416-b1fd-94e89b22ab12"},{"id":"efca1546-6b27-43c2-b76d-2f257d81928a","tracerPlayerId":"f7e20a87-08cb-43e0-a2ad-6b37248db7c9","champion":null,"championId":72,"championName":"Skarner","stats":{"id":"03a16287-3792-4ef0-beb9-6a41c668a214","games":2,"wins":0,"kills":2,"asists":13,"daths":7,"minions":55,"minutes":32.6833344,"minutesXMatch":16.3416672,"winRate":0.0,"minionsMinute":1.68281484,"killParticipation":0.454545468,"killShare":0.0606060624,"deathShare":0.1891892,"firstBlood":0.0,"creepsAtTen":0.0,"creepsDifAtTen":0.0,"wards":25,"wardsKilled":3,"wardXmin":0.7649158,"wardKillXmin":0.0917899},"statsId":"03a16287-3792-4ef0-beb9-6a41c668a214"},{"id":"2a5b7890-bde9-4f78-9a25-465ae225a313","tracerPlayerId":"f7e20a87-08cb-43e0-a2ad-6b37248db7c9","champion":null,"championId":412,"championName":"Thresh","stats":{"id":"49596f18-ae12-4170-8473-cb2c107ff8a5","games":2,"wins":2,"kills":5,"asists":44,"daths":7,"minions":57,"minutes":63.7666626,"minutesXMatch":31.8833313,"winRate":1.0,"minionsMinute":0.893884,"killParticipation":1.13953483,"killShare":0.116279073,"deathShare":0.0853658542,"firstBlood":0.0,"creepsAtTen":0.0,"creepsDifAtTen":0.0,"wards":79,"wardsKilled":10,"wardXmin":1.23889184,"wardKillXmin":0.156821758},"statsId":"49596f18-ae12-4170-8473-cb2c107ff8a5"},{"id":"47a3a407-aaf2-403f-968b-6f3274d56777","tracerPlayerId":"f7e20a87-08cb-43e0-a2ad-6b37248db7c9","champion":null,"championId":121,"championName":"Khazix","stats":{"id":"0e81ad93-3359-46d8-b6c1-b6865769835f","games":1,"wins":0,"kills":4,"asists":10,"daths":5,"minions":52,"minutes":32.25,"minutesXMatch":32.25,"winRate":0.0,"minionsMinute":1.61240315,"killParticipation":0.538461566,"killShare":0.15384616,"deathShare":0.1388889,"firstBlood":0.0,"creepsAtTen":0.0,"creepsDifAtTen":0.0,"wards":9,"wardsKilled":6,"wardXmin":0.279069781,"wardKillXmin":0.186046511},"statsId":"0e81ad93-3359-46d8-b6c1-b6865769835f"},{"id":"4a7f148a-1c2b-4c98-9e6e-ecadc75c75a0","tracerPlayerId":"f7e20a87-08cb-43e0-a2ad-6b37248db7c9","champion":null,"championId":19,"championName":"Warwick","stats":{"id":"e2492485-747c-41ed-bc80-741c93169ee5","games":1,"wins":1,"kills":0,"asists":0,"daths":0,"minions":0,"minutes":3.25,"minutesXMatch":3.25,"winRate":1.0,"minionsMinute":0.0,"killParticipation":0.0,"killShare":0.0,"deathShare":0.0,"firstBlood":0.0,"creepsAtTen":0.0,"creepsDifAtTen":0.0,"wards":1,"wardsKilled":0,"wardXmin":0.307692319,"wardKillXmin":0.0},"statsId":"e2492485-747c-41ed-bc80-741c93169ee5"},{"id":"3f99cd8e-5557-4918-bc8f-d42b4e49af87","tracerPlayerId":"f7e20a87-08cb-43e0-a2ad-6b37248db7c9","champion":null,"championId":56,"championName":"Nocturne","stats":{"id":"fb1009ad-489b-446d-a91e-096a85fc765a","games":2,"wins":1,"kills":13,"asists":19,"daths":13,"minions":140,"minutes":75.3166656,"minutesXMatch":37.6583328,"winRate":0.5,"minionsMinute":1.85881829,"killParticipation":0.450704217,"killShare":0.183098584,"deathShare":0.1969697,"firstBlood":0.0,"creepsAtTen":0.0,"creepsDifAtTen":0.0,"wards":34,"wardsKilled":11,"wardXmin":0.4514273,"wardKillXmin":0.14605},"statsId":"fb1009ad-489b-446d-a91e-096a85fc765a"},{"id":"7652ccd1-172e-4e1a-966d-466befa952e5","tracerPlayerId":"f7e20a87-08cb-43e0-a2ad-6b37248db7c9","champion":null,"championId":516,"championName":"Ornn","stats":{"id":"8443e931-b8cf-4da6-a7f2-9a8906db773c","games":1,"wins":1,"kills":3,"asists":28,"daths":6,"minions":166,"minutes":48.0833321,"minutesXMatch":48.0833321,"winRate":1.0,"minionsMinute":3.45234,"killParticipation":0.756097555,"killShare":0.07317073,"deathShare":0.09836066,"firstBlood":0.0,"creepsAtTen":0.0,"creepsDifAtTen":0.0,"wards":21,"wardsKilled":3,"wardXmin":0.436741769,"wardKillXmin":0.0623916835},"statsId":"8443e931-b8cf-4da6-a7f2-9a8906db773c"},{"id":"9da384b5-6641-4306-b748-006f23733f41","tracerPlayerId":"f7e20a87-08cb-43e0-a2ad-6b37248db7c9","champion":null,"championId":51,"championName":"Caitlyn","stats":{"id":"675d0c60-8a65-467f-90e4-8abf1f86fcdc","games":3,"wins":0,"kills":7,"asists":14,"daths":17,"minions":584,"minutes":89.11666,"minutesXMatch":29.7055531,"winRate":0.0,"minionsMinute":6.553208,"killParticipation":0.2658228,"killShare":0.0886075944,"deathShare":0.202380955,"firstBlood":0.0,"creepsAtTen":0.0,"creepsDifAtTen":0.0,"wards":26,"wardsKilled":2,"wardXmin":0.2917524,"wardKillXmin":0.0224424917},"statsId":"675d0c60-8a65-467f-90e4-8abf1f86fcdc"},{"id":"e6305710-251b-4554-a2ee-a716e09bbc6f","tracerPlayerId":"f7e20a87-08cb-43e0-a2ad-6b37248db7c9","champion":null,"championId":126,"championName":"Jayce","stats":{"id":"b6093675-3d4f-4331-b10b-b89375201667","games":2,"wins":1,"kills":6,"asists":16,"daths":7,"minions":299,"minutes":52.6666679,"minutesXMatch":26.333334,"winRate":0.5,"minionsMinute":5.677215,"killParticipation":0.55,"killShare":0.15,"deathShare":0.109375,"firstBlood":0.0,"creepsAtTen":0.0,"creepsDifAtTen":0.0,"wards":43,"wardsKilled":3,"wardXmin":0.816455662,"wardKillXmin":0.0569620244},"statsId":"b6093675-3d4f-4331-b10b-b89375201667"},{"id":"44b53e3f-577f-4719-94c6-54577d38d752","tracerPlayerId":"f7e20a87-08cb-43e0-a2ad-6b37248db7c9","champion":null,"championId":157,"championName":"Yasuo","stats":{"id":"456bda4a-c05e-4c28-878a-70de8850722a","games":1,"wins":1,"kills":5,"asists":4,"daths":3,"minions":259,"minutes":35.5,"minutesXMatch":35.5,"winRate":1.0,"minionsMinute":7.29577446,"killParticipation":0.225,"killShare":0.125,"deathShare":0.130434781,"firstBlood":0.0,"creepsAtTen":0.0,"creepsDifAtTen":0.0,"wards":18,"wardsKilled":3,"wardXmin":0.5070422,"wardKillXmin":0.08450704},"statsId":"456bda4a-c05e-4c28-878a-70de8850722a"},{"id":"b6c73a06-ac8e-4cf6-a7a5-7464916e5193","tracerPlayerId":"f7e20a87-08cb-43e0-a2ad-6b37248db7c9","champion":null,"championId":6,"championName":"Urgot","stats":{"id":"89dcf9d5-4bc8-4392-8a41-3452139ed785","games":2,"wins":2,"kills":13,"asists":15,"daths":15,"minions":403,"minutes":70.08333,"minutesXMatch":35.0416641,"winRate":1.0,"minionsMinute":5.75029755,"killParticipation":0.358974367,"killShare":0.166666672,"deathShare":0.205479458,"firstBlood":0.0,"creepsAtTen":0.0,"creepsDifAtTen":0.0,"wards":32,"wardsKilled":3,"wardXmin":0.456599325,"wardKillXmin":0.0428061858},"statsId":"89dcf9d5-4bc8-4392-8a41-3452139ed785"},{"id":"4c807cb3-a712-465d-88b9-76817ddd5df9","tracerPlayerId":"f7e20a87-08cb-43e0-a2ad-6b37248db7c9","champion":null,"championId":202,"championName":"Jhin",